INSERT INTO UF (ID,CODE,NAME) VALUES (12,'AC','Acre');
INSERT INTO UF (ID,CODE,NAME) VALUES (27,'AL','Alagoas');
INSERT INTO UF (ID,CODE,NAME) VALUES (13,'AM','Amazonas');
INSERT INTO UF (ID,CODE,NAME) VALUES (16,'AP','Amapá');
INSERT INTO UF (ID,CODE,NAME) VALUES (29,'BA','Bahia');
INSERT INTO UF (ID,CODE,NAME) VALUES (23,'CE','Ceará');
INSERT INTO UF (ID,CODE,NAME) VALUES (53,'DF','Distrito Federal');
INSERT INTO UF (ID,CODE,NAME) VALUES (32,'ES','Espírito Santo');
INSERT INTO UF (ID,CODE,NAME) VALUES (52,'GO','Goiás');
INSERT INTO UF (ID,CODE,NAME) VALUES (21,'MA','Maranhão');
INSERT INTO UF (ID,CODE,NAME) VALUES (31,'MG','Minas Gerais');
INSERT INTO UF (ID,CODE,NAME) VALUES (50,'MS','Mato Grosso do Sul');
INSERT INTO UF (ID,CODE,NAME) VALUES (51,'MT','Mato Grosso');
INSERT INTO UF (ID,CODE,NAME) VALUES (15,'PA','Pará');
INSERT INTO UF (ID,CODE,NAME) VALUES (25,'PB','Paraíba');
INSERT INTO UF (ID,CODE,NAME) VALUES (26,'PE','Pernambuco');
INSERT INTO UF (ID,CODE,NAME) VALUES (22,'PI','Piauí');
INSERT INTO UF (ID,CODE,NAME) VALUES (41,'PR','Paraná');
INSERT INTO UF (ID,CODE,NAME) VALUES (33,'RJ','Rio de Janeiro');
INSERT INTO UF (ID,CODE,NAME) VALUES (24,'RN','Rio Grande do Norte');
INSERT INTO UF (ID,CODE,NAME) VALUES (11,'RO','Rondônia');
INSERT INTO UF (ID,CODE,NAME) VALUES (14,'RR','Roraima');
INSERT INTO UF (ID,CODE,NAME) VALUES (43,'RS','Rio Grande do Sul');
INSERT INTO UF (ID,CODE,NAME) VALUES (42,'SC','Santa Catarina');
INSERT INTO UF (ID,CODE,NAME) VALUES (28,'SE','Sergipe');
INSERT INTO UF (ID,CODE,NAME) VALUES (35,'SP','São Paulo');
INSERT INTO UF (ID,CODE,NAME) VALUES (17,'TO','Tocantins');

INSERT INTO FIELD (ID, NAME) VALUES (1000, 'Administração');
INSERT INTO FIELD (ID, NAME) VALUES (1002, 'Agricultura, Pecuária, Veterinária');
INSERT INTO FIELD (ID, NAME) VALUES (1003, 'Alimentação  Gastronomia');
INSERT INTO FIELD (ID, NAME) VALUES (1004, 'Arquitetura, Decoração, Design');
INSERT INTO FIELD (ID, NAME) VALUES (1005, 'Artes');
INSERT INTO FIELD (ID, NAME) VALUES (1006, 'Auditoria');
INSERT INTO FIELD (ID, NAME) VALUES (1007, 'Ciências, Pesquisa ');
INSERT INTO FIELD (ID, NAME) VALUES (1008, 'Comercial, Vendas');
INSERT INTO FIELD (ID, NAME) VALUES (1009, 'Comércio Exterior, Importação, Exportação');
INSERT INTO FIELD (ID, NAME) VALUES (1010, 'Compras');
INSERT INTO FIELD (ID, NAME) VALUES (1011, 'Comunicação, TV, Cinema');
INSERT INTO FIELD (ID, NAME) VALUES (1012, 'Construção, Manutenção');
INSERT INTO FIELD (ID, NAME) VALUES (1013, 'Contábil, Finanças, Economia');
INSERT INTO FIELD (ID, NAME) VALUES (1014, 'Cultura, Lazer, Entretenimento');
INSERT INTO FIELD (ID, NAME) VALUES (1015, 'Educação, Ensino, Idiomas');
INSERT INTO FIELD (ID, NAME) VALUES (1016, 'Engenharia');
INSERT INTO FIELD (ID, NAME) VALUES (1017, 'Estética');
INSERT INTO FIELD (ID, NAME) VALUES (1018, 'Hotelaria, Turismo');
INSERT INTO FIELD (ID, NAME) VALUES (1019, 'Industrial, Produção, Fábrica');
INSERT INTO FIELD (ID, NAME) VALUES (1020, 'Informática, TI, Telecomunicações');
INSERT INTO FIELD (ID, NAME) VALUES (1021, 'Jurídica');
INSERT INTO FIELD (ID, NAME) VALUES (1022, 'Logística');
INSERT INTO FIELD (ID, NAME) VALUES (1023, 'Marketing');
INSERT INTO FIELD (ID, NAME) VALUES (1024, 'Meio Ambiente, Ecologia');
INSERT INTO FIELD (ID, NAME) VALUES (1025, 'Moda');
INSERT INTO FIELD (ID, NAME) VALUES (1026, 'Qualidade ');
INSERT INTO FIELD (ID, NAME) VALUES (1027, 'Química, Petroquímica');
INSERT INTO FIELD (ID, NAME) VALUES (1028, 'Recursos Humanos');
INSERT INTO FIELD (ID, NAME) VALUES (1029, 'Saúde');
INSERT INTO FIELD (ID, NAME) VALUES (1030, 'Segurana');
INSERT INTO FIELD (ID, NAME) VALUES (1031, 'Serviços Gerais');
INSERT INTO FIELD (ID, NAME) VALUES (1032, 'Serviços Sociais e Comunitários');
INSERT INTO FIELD (ID, NAME) VALUES (1033, 'Telemarketing');
INSERT INTO FIELD (ID, NAME) VALUES (1034, 'Transportes');

INSERT INTO UNIVERSITY (ID, NAME, ADDRESS, UF_ID) VALUES (1000, 'Universidade de São Paulo', 'Cidade Universitária', 35);
INSERT INTO UNIVERSITY (ID, NAME, ADDRESS, UF_ID) VALUES (2000, 'Universidade Presbiteriana Mackenzie', 'Rua da Consolação 930', 35);
INSERT INTO UNIVERSITY (ID, NAME, ADDRESS, UF_ID) VALUES (3000, 'Pontifícia Universidade Católica de São Paulo', 'Rua Marquês de São Vicente 225', 35);

INSERT INTO COMPANY (ID, NAME, CNPJ, PASSWORD) VALUES (100, 'Carrefour', '52.422.498/0001-84', 'car123');
INSERT INTO COMPANY (ID, NAME, CNPJ, PASSWORD) VALUES (200, 'Petrobrás', '23.837.043/0001-21', 'petr$');
INSERT INTO COMPANY (ID, NAME, CNPJ, PASSWORD) VALUES (300, 'Telefônica', '33.468.532/0001-07', 'tel666');

INSERT INTO JOBVACANCY (ID, NAME, COMPANY_ID, FIELD_ID, SALARY, DESCRIPTION) VALUES (100, 'Auxiliar de administração', 100, 1000, 56034, 'Primeira descrição');
INSERT INTO JOBVACANCY (ID, NAME, COMPANY_ID, FIELD_ID, SALARY, DESCRIPTION) VALUES (200, 'Subauxiliar de administração', 100, 1000, 32020, 'Segunda descrição');
INSERT INTO JOBVACANCY (ID, NAME, COMPANY_ID, FIELD_ID, SALARY, DESCRIPTION) VALUES (300, 'Gerente do departamento de administração', 100, 1000, 12150, 'Terceira descrição');
INSERT INTO JOBVACANCY (ID, NAME, COMPANY_ID, FIELD_ID, SALARY, DESCRIPTION) VALUES (400, 'Técnico em Informatica', 300, 1020, 2500, 'Conhecimentos em manutenção de microcomputadores');
INSERT INTO JOBVACANCY (ID, NAME, COMPANY_ID, FIELD_ID, SALARY, DESCRIPTION) VALUES (450, 'Programador sênior JAVA', 200, 1020, 5010.20, 'Trabalho em regime CLT\nCom vale-transporte, vale-alimentação e auxílio-médico\nDe segunda a sábado\nSão exigidos conhecimentos em Java EE, EJB 3.0, Hibernate, JSF, Assembly, Javascript, manutenção de computadores, Excel, Word e portas lógicas.');
INSERT INTO JOBVACANCY (ID, NAME, COMPANY_ID, FIELD_ID, SALARY, DESCRIPTION) VALUES (500, 'Analista Financeiro', 300, 1013, 4250, 'Responsável pelas análises de aprovações orçamentárias');
INSERT INTO JOBVACANCY (ID, NAME, COMPANY_ID, FIELD_ID, SALARY, DESCRIPTION) VALUES (600, 'Advogado', 300, 1021, 4320, 'Responsável pela área jurídica');
INSERT INTO JOBVACANCY (ID, NAME, COMPANY_ID, FIELD_ID, SALARY, DESCRIPTION) VALUES (700, 'Técnico de logística de transporte júnior ', 200, 1008, 2100, 'Conhecimentos em manutenção de microcomputadores');
INSERT INTO JOBVACANCY (ID, NAME, COMPANY_ID, FIELD_ID, SALARY, DESCRIPTION) VALUES (800, 'Geofísico júnior – geologia', 200, 1024, 3980, 'Estudos de regiões para explorações de petróleo');
INSERT INTO JOBVACANCY (ID, NAME, COMPANY_ID, FIELD_ID, SALARY, DESCRIPTION) VALUES (900, 'Técnico de contabilidade júnior', 200, 1013, 2700, 'Auxiliar na contabilidade');

INSERT INTO USERLABORI (ID, NAME, ADDRESS, ADDITIONALINFORMATION, CEP, CITY, EMAIL, PASSWORD, PHONE, FIELD_ID, UF_ID) VALUES (100, 'Cauê Thenório', 'Av São Paulo 1000', '<b>Linguagens:</b><br><ul><li>Inglês</li><li>Espanhol</li><li>Japonês</li></ul><b>Habilidades:<br></b><ul><li>Programação <i>(Python/Java)</i></li></ul>', '01319-010', 'São Paulo', 'cauelt@gmail.com', '1', '(11) 3212-1232', 1000, 35);
INSERT INTO USERLABORI (ID, NAME, ADDRESS, ADDITIONALINFORMATION, CEP, CITY, EMAIL, PASSWORD, PHONE, FIELD_ID, UF_ID) VALUES (200, 'Rony Clay', 'Rua dos Ipês 200 - Ap 127', '<b>Linguagens:</b><br><ul><li>Inglês</li><li>Italiano</li><li>Russo</li></ul><b>Habilidades:<br></b><ul><li>Programação <i>(C#/Java/Hibernate)</i></li><li>Se equilibrar num pé só</li></ul>', '0100-111', 'São Paulo', 'ronyclayaa@gmail.com', 'rony99', '(11) 99872-1232', 1020, 35);
INSERT INTO USERLABORI (ID, NAME, ADDRESS, ADDITIONALINFORMATION, CEP, CITY, EMAIL, PASSWORD, PHONE, FIELD_ID, UF_ID) VALUES (300, 'Rodrigo Octavio', 'Av Paulista 1030', '<b>Experiência em:<br></b><ol><li>Vendas casadas<b></b></li><li>Vendas ilegais</li><li>Venda por ameaças</li></ol>Falo fluentemente <i>inglês</i>, <i>espanhol</i> e <i>italiano.</i><br>', '12345-010', 'São Paulo', 'rodrigogomes@gmail.com', 'jag987', '(11) 3212-1232', 1008, 35);
INSERT INTO USERLABORI (ID, NAME, ADDRESS, ADDITIONALINFORMATION, CEP, CITY, EMAIL, PASSWORD, PHONE, FIELD_ID, UF_ID) VALUES (400, 'Monica Dutra', 'Rua Celso Garcia 560 ', '<b>Conhecimentos:<br></b><ul><li>Design patterns</li><li>Diagramas UML</li><li>Análise de requisitos</li></ul>', '111111-012', 'Sorocaba', 'ica_selima@hotmail.com', 'mooo112233', '(11) 3212-1232', 1020, 35);
INSERT INTO USERLABORI (ID, NAME, ADDRESS, ADDITIONALINFORMATION, CEP, CITY, EMAIL, PASSWORD, PHONE, FIELD_ID, UF_ID) VALUES (500, 'Julio Cesar', 'Rua Ferreira 108', '<b>Tenho muita experiência na área!<br><br>Conhecimentos em:<br></b><ol><li>Apuração de Impostos PIS/COFINS/CSLL/IRPJ</li><li>Emissão de Notas Fiscais</li><li>Contabilidade</li><li>Livro Razão</li><li>Faturamento<br></li></ol>', '01456-000', 'São José dos Campos', 'julio@globo.com', 'r0ma', '(11) 3212-1232', 1013, 35);
INSERT INTO USERLABORI (ID, NAME, ADDRESS, ADDITIONALINFORMATION, CEP, CITY, EMAIL, PASSWORD, PHONE, FIELD_ID, UF_ID) VALUES (600, 'Victor Araujo', 'Rua Secundino Veiga 530', 'Ainda sem experiência na área, procuro um <b>estágio</b>.', '10000-000', 'São Paulo', 'victor@yahoo.com', 'c4ch4ç4', '(11) 3212-1232', 1000, 35);

INSERT INTO WORKEXPERIENCE (ID, COMPANY_ID, USER_ID, CONFIRMED, POSITION, STARTYEAR, ENDYEAR) VALUES (1000, 200, 100, 'OK', 'Programador júnior', 2005, 2007);
INSERT INTO WORKEXPERIENCE (ID, COMPANY_ID, USER_ID, CONFIRMED, POSITION, STARTYEAR, ENDYEAR) VALUES (1001, 300, 100, 'Pendente', 'Programador sênior', 2007, 2008);
INSERT INTO WORKEXPERIENCE (ID, COMPANY_ID, USER_ID, CONFIRMED, POSITION, STARTYEAR, ENDYEAR) VALUES (1002, 100, 100, 'OK', 'Técnico em manutenção de hardware', 2004, 2005);
INSERT INTO WORKEXPERIENCE (ID, COMPANY_ID, USER_ID, CONFIRMED, POSITION, STARTYEAR, ENDYEAR) VALUES (1003, 200, 200, 'OK', 'Técnico em informática', 2002, 2005);
INSERT INTO WORKEXPERIENCE (ID, COMPANY_ID, USER_ID, CONFIRMED, POSITION, STARTYEAR, ENDYEAR) VALUES (1004, 300, 200, 'Pendente', 'Analista de sistemas', 2006, 2009);
INSERT INTO WORKEXPERIENCE (ID, COMPANY_ID, USER_ID, CONFIRMED, POSITION, STARTYEAR, ENDYEAR) VALUES (1005, 100, 200, 'OK', 'Programador júnior', 2010, 2011);
INSERT INTO WORKEXPERIENCE (ID, COMPANY_ID, USER_ID, CONFIRMED, POSITION, STARTYEAR, ENDYEAR) VALUES (1006, 300, 300, 'OK', 'Analista de Suporte', 2003, 2004);
INSERT INTO WORKEXPERIENCE (ID, COMPANY_ID, USER_ID, CONFIRMED, POSITION, STARTYEAR, ENDYEAR) VALUES (1007, 200, 300, 'Pendente', 'Técnico em Informática', 2005, 2008);
INSERT INTO WORKEXPERIENCE (ID, COMPANY_ID, USER_ID, CONFIRMED, POSITION, STARTYEAR, ENDYEAR) VALUES (1008, 100, 300, 'OK', 'Analista de Dados', 2009, 2010);
INSERT INTO WORKEXPERIENCE (ID, COMPANY_ID, USER_ID, CONFIRMED, POSITION, STARTYEAR, ENDYEAR) VALUES (1009, 200, 400, 'OK', 'Técnico em Contabilidade', 2002, 2006);
INSERT INTO WORKEXPERIENCE (ID, COMPANY_ID, USER_ID, CONFIRMED, POSITION, STARTYEAR, ENDYEAR) VALUES (1010, 300, 400, 'Pendente', 'Analista financeiro', 2008, 2009);
INSERT INTO WORKEXPERIENCE (ID, COMPANY_ID, USER_ID, CONFIRMED, POSITION, STARTYEAR, ENDYEAR) VALUES (1011, 100, 400, 'OK', 'Analista Financeiro', 2010, 2011);
INSERT INTO WORKEXPERIENCE (ID, COMPANY_ID, USER_ID, CONFIRMED, POSITION, STARTYEAR, ENDYEAR) VALUES (1012, 100, 500, 'OK', 'SubAuxiliar Administrativo', 2006, 2007);
INSERT INTO WORKEXPERIENCE (ID, COMPANY_ID, USER_ID, CONFIRMED, POSITION, STARTYEAR, ENDYEAR) VALUES (1013, 200, 500, 'Pendente', 'Auxiliar de Administração', 2008, 2009);
INSERT INTO WORKEXPERIENCE (ID, COMPANY_ID, USER_ID, CONFIRMED, POSITION, STARTYEAR, ENDYEAR) VALUES (1014, 300, 500, 'OK', 'Advogado', 2010, 2011);
INSERT INTO WORKEXPERIENCE (ID, COMPANY_ID, USER_ID, CONFIRMED, POSITION, STARTYEAR, ENDYEAR) VALUES (1015, 200, 100, 'OK', 'Auxiliar em Contabilidade', 2004, 2006);
INSERT INTO WORKEXPERIENCE (ID, COMPANY_ID, USER_ID, CONFIRMED, POSITION, STARTYEAR, ENDYEAR) VALUES (1016, 300, 100, 'Pendente', 'Técnico em Contabilidade', 2007, 2008);
INSERT INTO WORKEXPERIENCE (ID, COMPANY_ID, USER_ID, CONFIRMED, POSITION, STARTYEAR, ENDYEAR) VALUES (1017, 100, 100, 'OK', 'Tcontador', 2009, 2011);

INSERT INTO EDUCATION (ID, USER_ID, UNIVERSITY_ID, CURSE, STARTYEAR, ENDYEAR) VALUES (1000, 100, 2000, 'Administração', 2009, 2013);
INSERT INTO EDUCATION (ID, USER_ID, UNIVERSITY_ID, CURSE, STARTYEAR, ENDYEAR) VALUES (1001, 200, 2000, 'Sistemas de Informação', 2010, 2014);
INSERT INTO EDUCATION (ID, USER_ID, UNIVERSITY_ID, CURSE, STARTYEAR, ENDYEAR) VALUES (1002, 300, 2000, 'Administração', 2010, 2014);
INSERT INTO EDUCATION (ID, USER_ID, UNIVERSITY_ID, CURSE, STARTYEAR, ENDYEAR) VALUES (1003, 400, 2000, 'Sistemas de Informação', 2010, 2014);
INSERT INTO EDUCATION (ID, USER_ID, UNIVERSITY_ID, CURSE, STARTYEAR, ENDYEAR) VALUES (1004, 500, 1000, 'Ciências contábeis', 2003, 2007);
INSERT INTO EDUCATION (ID, USER_ID, UNIVERSITY_ID, CURSE, STARTYEAR, ENDYEAR) VALUES (1005, 600, 3000, 'Ciência da computação', 2008, 2012);

INSERT INTO JOBVACANCY_USERLABORI (APPLIEDUSERS_ID, APPLICATIONS_ID) VALUES (100, 100);
INSERT INTO JOBVACANCY_USERLABORI (APPLIEDUSERS_ID, APPLICATIONS_ID) VALUES (200, 400);
INSERT INTO JOBVACANCY_USERLABORI (APPLIEDUSERS_ID, APPLICATIONS_ID) VALUES (200, 450);
INSERT INTO JOBVACANCY_USERLABORI (APPLIEDUSERS_ID, APPLICATIONS_ID) VALUES (300, 700);
INSERT INTO JOBVACANCY_USERLABORI (APPLIEDUSERS_ID, APPLICATIONS_ID) VALUES (400, 450);
INSERT INTO JOBVACANCY_USERLABORI (APPLIEDUSERS_ID, APPLICATIONS_ID) VALUES (500, 500);
INSERT INTO JOBVACANCY_USERLABORI (APPLIEDUSERS_ID, APPLICATIONS_ID) VALUES (500, 900);
INSERT INTO JOBVACANCY_USERLABORI (APPLIEDUSERS_ID, APPLICATIONS_ID) VALUES (600, 100);
INSERT INTO JOBVACANCY_USERLABORI (APPLIEDUSERS_ID, APPLICATIONS_ID) VALUES (600, 200);
INSERT INTO JOBVACANCY_USERLABORI (APPLIEDUSERS_ID, APPLICATIONS_ID) VALUES (600, 300);
